<?xml version="1.0" encoding="UTF-8"?>
<metadata xml:lang="en"><Esri><CreaDate>20230322</CreaDate><CreaTime>21230400</CreaTime><ArcGISFormat>1.0</ArcGISFormat><SyncOnce>TRUE</SyncOnce><DataProperties><lineage><Process ToolSource="c:\program files (x86)\arcgis\desktop10.6\ArcToolbox\Toolboxes\Data Management Tools.tbx\CalculateField" Date="20230322" Time="212304">CalculateField "Villages with perennial streams" GPM_7Q2 [7Q2_]*448.8 VB #</Process><Process ToolSource="c:\program files (x86)\arcgis\desktop10.6\ArcToolbox\Toolboxes\Data Management Tools.tbx\CalculateField" Date="20230322" Time="213057">CalculateField "Villages with perennial streams" GPM_7Q10 "[7Q10_] *448.8" VB #</Process></lineage></DataProperties></Esri></metadata>
