DateTime,RNF_in
12/1/2015,0.24
12/2/2015,0.07
12/3/2015,0
12/4/2015,0.14
12/5/2015,0
12/6/2015,0
12/7/2015,0
12/8/2015,0
12/9/2015,0
12/10/2015, 
12/11/2015,0
12/12/2015,0
12/13/2015,0.17
12/14/2015,0.67
12/15/2015,0.54
12/16/2015,1.23
12/17/2015,0.42
12/18/2015,2.17
12/19/2015,0.09
12/20/2015,0
12/21/2015,0.05
12/22/2015,0.11
12/23/2015,0.2
12/24/2015,0.59
12/25/2015,0.17
12/26/2015,4.35
12/27/2015,3.49
12/28/2015,5.69
12/29/2015,0.11
12/30/2015,2.74
12/31/2015,0.29
1/1/2016,1.07
1/2/2016,0.02
1/3/2016,0.01
1/4/2016,0
1/5/2016,0
1/6/2016,0.03
1/7/2016,0.67
1/8/2016,0.51
1/9/2016,0.32
1/10/2016,0
1/11/2016,0.08
1/12/2016,0.34
1/13/2016,0.09
1/14/2016,0.14
1/15/2016,0.09
1/16/2016,0.03
1/17/2016,0.13
1/18/2016,0.48
1/19/2016,0.12
1/20/2016,0
1/21/2016,0.01
1/22/2016,0
1/23/2016,0.01
1/24/2016,0
1/25/2016,0
1/26/2016,0.18
1/27/2016,0.01
1/28/2016,0
1/29/2016,0.1
1/30/2016,0
1/31/2016,0
2/1/2016,0
2/2/2016,0.02
2/3/2016, 
2/4/2016,0.12
2/5/2016,0
2/6/2016,0
2/7/2016,0
2/8/2016,0
2/9/2016,0
2/10/2016,0.08
2/11/2016,0
2/12/2016,0
2/13/2016,0
2/14/2016,0
2/15/2016,0.67
2/16/2016,0.4
2/17/2016,0.34
2/18/2016,0.06
2/19/2016,0.39
2/20/2016,0.98
2/21/2016,0.05
2/22/2016,1.76
2/23/2016,0.87
2/24/2016,0.31
2/25/2016,0.02
2/26/2016,0.39
2/27/2016,0
2/28/2016,0.01
2/29/2016,0.02
3/1/2016,0.02
3/2/2016,0.06
3/3/2016,0.39
3/4/2016,0
3/5/2016,0.02
3/6/2016, 
3/7/2016,1.1
3/8/2016,0.32
3/9/2016,0.28
3/10/2016,2.2
3/11/2016,0.24
3/12/2016,0.23
3/13/2016,0.1
3/14/2016,1.23
3/15/2016,0.05
3/16/2016,0.05
3/17/2016,0.06
3/18/2016,0
3/19/2016,0.12
3/20/2016,0.16
3/21/2016,0.26
3/22/2016,0
3/23/2016,0.01
3/24/2016,0
3/25/2016,0.55
3/26/2016,0.28
3/27/2016,1.58
3/28/2016,0.05
3/29/2016,1.16
3/30/2016,0.24
3/31/2016, 
4/1/2016,2.15
4/2/2016,1.78
4/3/2016,0.03
4/4/2016,0.15
4/5/2016,0.03
4/6/2016,0.08
4/7/2016,0.46
4/8/2016,0.03
4/9/2016,2.55
4/10/2016,2.97
4/11/2016,1.03
4/12/2016,0.58
4/13/2016,1.72
4/14/2016,1.45
4/15/2016,1.93
4/16/2016,0.35
4/17/2016,0.37
4/18/2016,0.62
4/19/2016,0.77
4/20/2016,0.07
4/21/2016,0
4/22/2016,1.98
4/23/2016,1.1
4/24/2016,0.03
4/25/2016,0.02
4/26/2016,1.25
4/27/2016, 
4/28/2016,0.45
4/29/2016,4.59
4/30/2016,2.33
5/1/2016,2.37
5/2/2016,0.34
5/3/2016, 
5/4/2016,0.91
5/5/2016,0.01
5/6/2016,0
5/7/2016,0.2
5/8/2016,0.01
5/9/2016,0.01
5/10/2016,0.54
5/11/2016,2.04
5/12/2016,0.01
5/13/2016, 
5/14/2016,0
5/15/2016,0.01
5/16/2016,0
5/17/2016,0.12
5/18/2016,0.05
5/19/2016,0.01
5/20/2016,0
5/21/2016,2.49
5/22/2016,0.07
5/23/2016,0.06
5/24/2016,0.48
5/25/2016, 
5/26/2016,0.13
5/27/2016,0.03
5/28/2016,0
5/29/2016, 
5/30/2016, 
5/31/2016,0
6/1/2016,0
6/2/2016,0.03
6/3/2016,0.1
6/4/2016,0
6/5/2016,0.05
6/6/2016,0
6/7/2016, 
6/8/2016,0.15
6/9/2016,0.03
6/10/2016,1.39
6/11/2016,0.61
6/12/2016,0.19
6/13/2016,0.19
6/14/2016,0.13
6/15/2016,0.37
6/16/2016,0.05
6/17/2016,0.03
6/18/2016, 
6/19/2016,0.13
6/20/2016,0.04
6/21/2016,0.09
6/22/2016,0
6/23/2016,0
6/24/2016,0.02
6/25/2016,0
6/26/2016,0.01
6/27/2016,0.01
6/28/2016,0.26
6/29/2016,0
6/30/2016, 
7/1/2016,0
7/2/2016,0
7/3/2016,0.04
7/4/2016, 
7/5/2016,0.18
7/6/2016,0
7/7/2016,0
7/8/2016, 
7/9/2016,0.08
7/10/2016,0.27
7/11/2016,0.02
7/12/2016,0.51
7/13/2016,0
7/14/2016,0
7/15/2016,0
7/16/2016,0
7/17/2016,0
7/18/2016,0.75
7/19/2016,2.21
7/20/2016,0.18
7/21/2016, 
7/22/2016,0.07
7/23/2016,0.12
7/24/2016,0.01
7/25/2016,0
7/26/2016,0
7/27/2016,0
7/28/2016, 
7/29/2016, 
7/30/2016,0.04
7/31/2016,0
8/1/2016,0
8/2/2016,0
8/3/2016, 
8/4/2016,0
8/5/2016,0.35
8/6/2016, 
8/7/2016,0.04
8/8/2016,0.01
8/9/2016,0
8/10/2016,0.07
8/11/2016,0.11
8/12/2016,0.96
8/13/2016,0
8/14/2016,0.42
8/15/2016,0.19
8/16/2016,0.14
8/17/2016,0.01
8/18/2016,0
8/19/2016, 
8/20/2016,0.52
8/21/2016,0.17
8/22/2016,0.32
8/23/2016,0.79
8/24/2016,0.03
8/25/2016,0
8/26/2016,0
8/27/2016,0
8/28/2016,0.04
8/29/2016,0.02
8/30/2016,0.19
8/31/2016,0.11
9/1/2016,0
9/2/2016,0.25
9/3/2016,0.57
9/4/2016,0.68
9/5/2016,0.15
9/6/2016,0.13
9/7/2016,0.03
9/8/2016,0.23
9/9/2016,0.16
9/10/2016,0.43
9/11/2016,0
9/12/2016, 
9/13/2016,0.14
9/14/2016,0.02
9/15/2016,0.07
9/16/2016, 
9/17/2016,0.33
9/18/2016,0.11
9/19/2016,0.27
9/20/2016,0.03
9/21/2016,0.02
9/22/2016,0.04
9/23/2016,0.36
9/24/2016,0.9
9/25/2016,0.22
9/26/2016,0.03
9/27/2016,0.01
9/28/2016,0.22
9/29/2016,0.05
9/30/2016,0
10/1/2016,0
10/2/2016,0
10/3/2016,0
10/4/2016,0
10/5/2016, 
10/6/2016, 
10/7/2016,0
10/8/2016,0.09
10/9/2016,0.5
10/10/2016,0.03
10/11/2016,0.39
10/12/2016,0
10/13/2016, 
10/14/2016,0.71
10/15/2016,0
10/16/2016,0.03
10/17/2016,0.14
10/18/2016,0.58
10/19/2016,0
10/20/2016,0
10/21/2016,0
10/22/2016,0.69
10/23/2016,0.36
10/24/2016,0.09
10/25/2016,0.12
10/26/2016,0.05
10/27/2016,0.3
10/28/2016,0.04
10/29/2016,0.01
10/30/2016,0.11
10/31/2016,0.88
11/1/2016,0.03
11/2/2016,0
11/3/2016,0.06
11/4/2016,0.1
11/5/2016,0
11/6/2016,2.19
11/7/2016,5.11
11/8/2016,0.19
11/9/2016,0.31
11/10/2016,3.27
11/11/2016,0
11/12/2016,0
11/13/2016, 
11/14/2016,0.05
11/15/2016,0.09
11/16/2016,0.07
11/17/2016,0.14
11/18/2016,0.15
11/19/2016,0.25
11/20/2016,0.06
11/21/2016,0.05
11/22/2016,0.1
11/23/2016,0.06
11/24/2016,0.05
11/25/2016,0.19
11/26/2016,0.34
11/27/2016,0
11/28/2016, 
11/29/2016,0
11/30/2016,0
12/1/2016,0
12/2/2016,0
12/3/2016,0.14
12/4/2016,0
12/5/2016,0.42
12/6/2016,0.07
12/7/2016,0.37
12/8/2016,0.2
12/9/2016,0.04
12/10/2016,0.03
12/11/2016,0.04
12/12/2016,0.44
12/13/2016,0.28
12/14/2016,0.76
12/15/2016,0.22
12/16/2016,0.15
12/17/2016,2.18
12/18/2016,0.02
12/19/2016,1.31
12/20/2016,0.18
12/21/2016,0.38
12/22/2016,1.44
12/23/2016,1.27
12/24/2016,0.34
12/25/2016,0.1
12/26/2016,0
12/27/2016,0.01
12/28/2016,0.86
12/29/2016,0.05
12/30/2016,2.86
12/31/2016,0.08
1/1/2017,0.14
1/2/2017,0
1/3/2017,0.54
1/4/2017,0.25
1/5/2017,0.02
1/6/2017,0.35
1/7/2017,0.16
1/8/2017, 
1/9/2017,0.2
1/10/2017,0
1/11/2017,0.24
1/12/2017,0.03
1/13/2017,1.03
1/14/2017,0.77
1/15/2017,0.03
1/16/2017,0.16
1/17/2017,0.32
1/18/2017,0
1/19/2017,0.26
1/20/2017,0.25
1/21/2017,0.03
1/22/2017,1.25
1/23/2017,0.01
1/24/2017,0.17
1/25/2017,0.08
1/26/2017,0.29
1/27/2017,0.2
1/28/2017, 
1/29/2017,0.58
1/30/2017,1.85
1/31/2017,0.36
2/1/2017,0.16
2/2/2017,0.51
2/3/2017,0
2/4/2017,0.25
2/5/2017,0.09
2/6/2017,0.81
2/7/2017,0.67
2/8/2017,3.27
2/9/2017,0.71
2/10/2017,1.37
2/11/2017,0.2
2/12/2017,0
2/13/2017,0.02
2/14/2017,0.45
2/15/2017,2.98
2/16/2017,0.52
2/17/2017,0.21
2/18/2017,2.82
2/19/2017,1.01
2/20/2017,0.41
2/21/2017,0.29
2/22/2017,0.35
2/23/2017,0.48
2/24/2017,0.43
2/25/2017,0
2/26/2017,0.02
2/27/2017,0.05
2/28/2017,0.28
3/1/2017,0.06
3/2/2017,0.03
3/3/2017,0.24
3/4/2017,0
3/5/2017,0
3/6/2017,0.02
3/7/2017,0.09
3/8/2017,0.22
3/9/2017,0.52
3/10/2017,0.06
3/11/2017,0.03
3/12/2017,1.21
3/13/2017,0.03
3/14/2017,0.02
3/15/2017,0
3/16/2017,0.06
3/17/2017,1.07
3/18/2017,0.11
3/19/2017,0
3/20/2017,0.25
3/21/2017,0
3/22/2017,0.38
3/23/2017,0.08
3/24/2017,0.05
3/25/2017,0.01
3/26/2017,0.06
3/27/2017,0.14
3/28/2017,0.11
3/29/2017,0.1
3/30/2017,0.25
3/31/2017,0.3
4/1/2017,0.05
4/2/2017,0.04
4/3/2017,0.74
4/4/2017,0.74
4/5/2017,1.38
4/6/2017, 
4/7/2017,0
4/8/2017,0.24
4/9/2017,0.43
4/10/2017,1.18
4/11/2017,0.63
4/12/2017,0.26
4/13/2017,0
4/14/2017,0.26
4/15/2017,0
4/16/2017,0.08
4/17/2017,0
4/18/2017,0
4/19/2017,0
4/20/2017,0
4/21/2017,0.06
4/22/2017, 
4/23/2017, 
4/24/2017,0.55
4/25/2017,0.01
4/26/2017,0.09
4/27/2017,0.01
4/28/2017,0
4/29/2017,0.77
4/30/2017,0.62
5/1/2017,0.25
5/2/2017,0.37
5/3/2017,0.68
5/4/2017,0.36
5/5/2017,0.07
5/6/2017,1.17
5/7/2017,0.22
5/8/2017,0.64
5/9/2017,1.11
5/10/2017,8.03
5/11/2017,2.5
5/12/2017,0.03
5/13/2017,1.72
5/14/2017,0.09
5/15/2017,2.25
5/16/2017,0.86
5/17/2017,0.15
5/18/2017,0.05
5/19/2017,0.06
5/20/2017,0.66
5/21/2017,0.08
5/22/2017,0.79
5/23/2017,0.56
5/24/2017,0.17
5/25/2017,0.11
5/26/2017,0.13
5/27/2017,0
5/28/2017,0.09
5/29/2017,0
5/30/2017,0.02
5/31/2017,0.01
6/1/2017,0.27
6/2/2017,0
6/3/2017,0.04
6/4/2017,0
6/5/2017,0
6/6/2017,0.02
6/7/2017,0.29
6/8/2017,0
6/9/2017,0
6/10/2017,0
6/11/2017,0.03
6/12/2017,0.24
6/13/2017,0.57
6/14/2017,0.05
6/15/2017,0.09
6/16/2017,0.01
6/17/2017,0.01
6/18/2017,0.27
6/19/2017,0.62
6/20/2017,0.2
6/21/2017,0.8
6/22/2017,0.51
6/23/2017,0.06
6/24/2017,0.04
6/25/2017,0
6/26/2017,0.03
6/27/2017,0
6/28/2017,0.38
6/29/2017,0.45
6/30/2017,0.03
7/1/2017, 
7/2/2017,0.11
7/3/2017,1.23
7/4/2017,0.15
7/5/2017,0
7/6/2017,0
7/7/2017,0.2
7/8/2017,0
7/9/2017,0.07
7/10/2017,0
7/11/2017,0
7/12/2017,0.52
7/13/2017,0.07
7/14/2017,0.11
7/15/2017,0.77
7/16/2017,0.03
7/17/2017,0.1
7/18/2017,0.28
7/19/2017,0.11
7/20/2017,0.01
7/21/2017,0.04
7/22/2017, 
7/23/2017,0.02
7/24/2017,0.06
7/25/2017, 
7/26/2017,0.06
7/27/2017,0.21
7/28/2017,0
7/29/2017,0.51
7/30/2017, 
7/31/2017, 
8/1/2017,0.01
8/2/2017,0
8/3/2017,0
8/4/2017,0
8/5/2017,0.66
8/6/2017, 
8/7/2017, 
8/8/2017,0
8/9/2017,0.03
8/10/2017,0.02
8/11/2017,0.4
8/12/2017,0.06
8/13/2017,1
8/14/2017,0.37
8/15/2017,1.23
8/16/2017,0.23
8/17/2017,0.19
8/18/2017,0.15
8/19/2017,0.92
8/20/2017,1.78
8/21/2017,0.01
8/22/2017,0.03
8/23/2017,0.03
8/24/2017,0
8/25/2017,0.02
8/26/2017,0.03
8/27/2017,0.43
8/28/2017,0.02
8/29/2017,0.13
8/30/2017,0.02
8/31/2017,0.01
9/1/2017,0.01
9/2/2017,0.3
9/3/2017,0.09
9/4/2017,0.03
9/5/2017,0.02
9/6/2017,0.07
9/7/2017,0
9/8/2017, 
9/9/2017,0
9/10/2017,0.01
9/11/2017,0.04
9/12/2017,0
9/13/2017,0
9/14/2017,0
9/15/2017,0
9/16/2017,0.01
9/17/2017,0.07
9/18/2017,0.88
9/19/2017,0.19
9/20/2017,0.05
9/21/2017,0.01
9/22/2017,0.43
9/23/2017,3.35
9/24/2017,0.05
9/25/2017,0.1
9/26/2017,0.11
9/27/2017,0.28
9/28/2017,0.06
9/29/2017,0.02
9/30/2017,0.08
10/1/2017,0
10/2/2017,0.74
10/3/2017,0.27
10/4/2017,0.02
10/5/2017,0.01
10/6/2017,0.26
10/7/2017,0.1
10/8/2017,0.08
10/9/2017,0.06
10/10/2017,0.09
10/11/2017,0.19
10/12/2017,3.88
10/13/2017,0.18
10/14/2017,0.08
10/15/2017,0.22
10/16/2017,1.23
10/17/2017,0
10/18/2017,4.06
10/19/2017,1
10/20/2017, 
10/21/2017,1.65
10/22/2017,0.03
10/23/2017,0.25
10/24/2017,0.13
10/25/2017,0.07
10/26/2017,0.33
10/27/2017,0.6
10/28/2017,0
10/29/2017,2.01
10/30/2017,1.39
10/31/2017,1.18
11/1/2017,0.09
11/2/2017,0.09
11/3/2017,0
11/4/2017,0.06
11/5/2017,0.05
11/6/2017,0.11
11/7/2017,0.61
11/8/2017,0.12
11/9/2017,0
11/10/2017,0
11/11/2017,0.1
11/12/2017,0.24
11/13/2017,0.15
11/14/2017,0.2
11/15/2017,0.26
11/16/2017,0.16
11/17/2017,0.29
11/18/2017,0
11/19/2017,0.01
11/20/2017,0.64
11/21/2017,0.19
11/22/2017,0.07
11/23/2017,3.61
11/24/2017,1.78
11/25/2017,0.74
11/26/2017,0.31
11/27/2017,0
11/28/2017,1.11
11/29/2017,1.86
11/30/2017,0.04
12/1/2017,0.26
12/2/2017,0.24
12/3/2017,0.51
12/4/2017,0.01
12/5/2017,0.01
12/6/2017,0.95
12/7/2017,1.74
12/8/2017,0.63
12/9/2017,0.41
12/10/2017,2.42
12/11/2017,0.4
12/12/2017,0.23
12/13/2017,0.3
12/14/2017,0.33
12/15/2017,0.01
12/16/2017,0.47
12/17/2017,0.27
12/18/2017,1.18
12/19/2017,0.63
12/20/2017,0.13
12/21/2017,0.01
12/22/2017,0
12/23/2017,0.05
12/24/2017,0
12/25/2017,0.14
12/26/2017,0
12/27/2017, 
12/28/2017,0.06
12/29/2017,0.52
12/30/2017,0.15
12/31/2017,0
1/1/2018,0.75
1/2/2018,0
1/3/2018,0.06
1/4/2018,0
1/5/2018,0.01
1/6/2018,2.37
1/7/2018,0.14
1/8/2018,0.36
1/9/2018,2.04
1/10/2018,2.01
1/11/2018,0
1/12/2018,0.01
1/13/2018,0.39
1/14/2018,0
1/15/2018,0.1
1/16/2018,0.02
1/17/2018,0.03
1/18/2018,0.23
1/19/2018,0.63
1/20/2018,0.27
1/21/2018,1.13
1/22/2018,1.53
1/23/2018,0.41
1/24/2018,0.2
1/25/2018,0.12
1/26/2018,0.99
1/27/2018,0.13
1/28/2018,0.34
1/29/2018,0.5
1/30/2018,0.6
1/31/2018,0
2/1/2018,0.03
2/2/2018,1.44
2/3/2018,1.14
2/4/2018,0.36
2/5/2018,0.57
2/6/2018,5.44
2/7/2018,7.23
2/8/2018,4.36
2/9/2018,5.61
2/10/2018,0.16
2/11/2018,0.07
2/12/2018,0.05
2/13/2018, 
2/14/2018, 
2/15/2018,0.41
2/16/2018,0.11
2/17/2018,0.71
2/18/2018,0.19
2/19/2018,0
2/20/2018,0
2/21/2018,0
2/22/2018,0.61
2/23/2018,3.16
2/24/2018,0.17
2/25/2018,0.28
2/26/2018,0.36
2/27/2018,0.01
2/28/2018, 
3/1/2018,0.3
3/2/2018,0.04
3/3/2018,0.29
3/4/2018,0.11
3/5/2018,0.02
3/6/2018,0.62
3/7/2018,0.15
3/8/2018,0.02
3/9/2018,0.04
3/10/2018,0
3/11/2018,0.01
3/12/2018,0.24
3/13/2018,0.04
3/14/2018,0
3/15/2018,0
3/16/2018,0.05
3/17/2018,0.44
3/18/2018,0.5
3/19/2018,0.19
3/20/2018,0.38
3/21/2018,0.1
3/22/2018,0.13
3/23/2018,0.21
3/24/2018,1.48
3/25/2018,0.02
3/26/2018,0
3/27/2018,0.45
3/28/2018,0.4
3/29/2018,0.12
3/30/2018,0
3/31/2018,0.01
4/1/2018,0
4/2/2018,0
4/3/2018,1.21
4/4/2018,1.11
4/5/2018,0.4
4/6/2018,0.79
4/7/2018,0.53
4/8/2018,2.12
4/9/2018,0.56
4/10/2018,0.2
4/11/2018,0.34
4/12/2018,0.01
4/13/2018,0.1
4/14/2018,2.07
4/15/2018,1.9
4/16/2018,1.9
4/17/2018,3.07
4/18/2018,0.04
4/19/2018,0.15
4/20/2018,0.03
4/21/2018,0.01
4/22/2018,0
4/23/2018,0.63
4/24/2018,0.22
4/25/2018,0
4/26/2018,0
4/27/2018,0.32
4/28/2018, 
4/29/2018,0.01
4/30/2018,0.04
5/1/2018,0.06
5/2/2018,0.2
5/3/2018,0.01
5/4/2018,0.01
5/5/2018,0.53
5/6/2018,1.14
5/7/2018, 
5/8/2018,0.73
5/9/2018,3.06
5/10/2018, 
5/11/2018,0
5/12/2018,0
5/13/2018,0.07
5/14/2018,0.07
5/15/2018,0.15
5/16/2018,0.03
5/17/2018,0
5/18/2018,0.06
5/19/2018,0.02
5/20/2018,0.06
5/21/2018, 
5/22/2018,0
5/23/2018,0.02
5/24/2018,0.06
5/25/2018,0.05
5/26/2018,1.04
5/27/2018,0.02
5/28/2018,0.08
5/29/2018,1.03
5/30/2018,0
5/31/2018,0.76
6/1/2018,0.06
6/2/2018,0.03
6/3/2018,0
6/4/2018,0
6/5/2018, 
6/6/2018,0
6/7/2018,0.19
6/8/2018,0.53
6/9/2018,0.12
6/10/2018, 
6/11/2018,0.01
6/12/2018, 
6/13/2018,0.1
6/14/2018,0.05
6/15/2018,0.11
6/16/2018,0.06
6/17/2018,1.08
6/18/2018,0.01
6/19/2018,0
6/20/2018,0.02
6/21/2018,0.05
6/22/2018,0.56
6/23/2018,0
6/24/2018,0
6/25/2018,0
6/26/2018,0
6/27/2018,0
6/28/2018,0.23
6/29/2018,0.02
6/30/2018,0.01
7/1/2018,0.04
7/2/2018,0.06
7/3/2018,0.22
7/4/2018,0.22
7/5/2018,4.24
7/6/2018,2.06
7/7/2018, 
7/8/2018,0.08
7/9/2018, 
7/10/2018,0
7/11/2018,0.33
7/12/2018, 
7/13/2018,0.05
7/14/2018,0.08
7/15/2018,0.02
7/16/2018,0.31
7/17/2018,0.03
7/18/2018,0
7/19/2018,0.05
7/20/2018,0.37
7/21/2018, 
7/22/2018,0.48
7/23/2018,0
7/24/2018,0
7/25/2018,0
7/26/2018,0
7/27/2018,0
7/28/2018,0
7/29/2018,0.11
7/30/2018,0.53
7/31/2018,0.4
8/1/2018,0.27
8/2/2018,0.14
8/3/2018,0.86
8/4/2018,0.05
8/5/2018,0
8/6/2018,0
8/7/2018,0
8/8/2018,0
8/9/2018,0
8/10/2018,0.17
8/11/2018,0.22
8/12/2018,0.98
8/13/2018,0.33
8/14/2018,0.69
8/15/2018,0.44
8/16/2018,2.22
8/17/2018,0.18
8/18/2018,2.18
8/19/2018,0
8/20/2018, 
8/21/2018,0.11
8/22/2018,0
8/23/2018,0
8/24/2018,0.03
8/25/2018,0.01
8/26/2018,0.04
8/27/2018,0.45
8/28/2018,0.03
8/29/2018,0.01
8/30/2018,0.29
8/31/2018,0.05
9/1/2018,0.08
9/2/2018,0
9/3/2018,0.95
9/4/2018,0.04
9/5/2018,0.04
9/6/2018,0
9/7/2018,0
9/8/2018,0
9/9/2018,0
9/10/2018,0.11
9/11/2018,0
9/12/2018,0.23
9/13/2018,2.11
9/14/2018,0
9/15/2018,0
9/16/2018,0
9/17/2018,0.7
9/18/2018,0.9
9/19/2018,0.79
9/20/2018,0.42
9/21/2018,0
9/22/2018,0
9/23/2018,0.01
9/24/2018,0
9/25/2018,0
9/26/2018,0.33
9/27/2018,0.01
9/28/2018,0.03
9/29/2018,0
9/30/2018,1.85
10/1/2018,0.45
10/2/2018,0.47
10/3/2018, 
10/4/2018, 
10/5/2018,0
10/6/2018,0.01
10/7/2018,0.01
10/8/2018,1.32
10/9/2018,0.12
10/10/2018,1.94
10/11/2018,0.03
10/12/2018,0.18
10/13/2018,0.05
10/14/2018,0.04
10/15/2018,0.03
10/16/2018,0.07
10/17/2018,0.47
10/18/2018,0.36
10/19/2018,3.26
10/20/2018,0.25
10/21/2018,0.2
10/22/2018,0.16
10/23/2018,0.24
10/24/2018,0
10/25/2018,0
10/26/2018,0
10/27/2018,0.02
10/28/2018,0.1
10/29/2018,0
10/30/2018,1.75
10/31/2018,0.46
11/1/2018,0
11/2/2018,1.1
11/3/2018,0.17
11/4/2018,0.05
11/5/2018,2.24
11/6/2018,0.73
11/7/2018,2.93
11/8/2018,0.43
11/9/2018,0.02
11/10/2018,0.02
11/11/2018,0.78
11/12/2018, 
11/13/2018,0
11/14/2018,0.34
11/15/2018,1.36
11/16/2018,0.04
11/17/2018,0.32
11/18/2018,0.01
11/19/2018,0
11/20/2018,0.17
11/21/2018,0
11/22/2018,0.38
11/23/2018,0.05
11/24/2018,0
11/25/2018,0.13
11/26/2018,0.21
11/27/2018,0.18
11/28/2018,0
11/29/2018,0
11/30/2018,0.24
12/1/2018,0.48
12/2/2018,0.12
12/3/2018,0.05
12/4/2018,1.32
12/5/2018,0.15
12/6/2018,0.1
12/7/2018,1.42
12/8/2018,1.02
12/9/2018,2.83
12/10/2018,5.17
12/11/2018,1.9
12/12/2018,1.09
12/13/2018,0
12/14/2018, 
12/15/2018,0.83
12/16/2018,0.03
12/17/2018,0.02
12/18/2018,0
12/19/2018,0
12/20/2018,0.54
12/21/2018,0.07
12/22/2018,0.48
12/23/2018,0.64
12/24/2018,0.39
12/25/2018,0.64
12/26/2018,0.36
12/27/2018,1.06
12/28/2018,0.54
12/29/2018,0.8
12/30/2018,0.29
12/31/2018,0.25
1/1/2019,0.27
1/2/2019,0.68
1/3/2019,0
1/4/2019,0
1/5/2019,0.41
1/6/2019,0.37
1/7/2019,2.13
1/8/2019,0.22
1/9/2019,0
1/10/2019,0.21
1/11/2019,0.39
1/12/2019,0.46
1/13/2019,0.32
1/14/2019,0.24
1/15/2019,0.74
1/16/2019,0.03
1/17/2019,0.07
1/18/2019,0.38
1/19/2019,0.03
1/20/2019,0.14
1/21/2019,0.09
1/22/2019,0
1/23/2019,0.59
1/24/2019,0.99
1/25/2019,0.95
1/26/2019,0.65
1/27/2019,0.66
1/28/2019,0.01
1/29/2019,0
1/30/2019,0.07
1/31/2019,0
2/1/2019,0.15
2/2/2019,0.03
2/3/2019,0.78
2/4/2019,2.95
2/5/2019,0.16
2/6/2019,0.14
2/7/2019,0
2/8/2019,0.06
2/9/2019,0.58
2/10/2019,0.42
2/11/2019,1.28
2/12/2019,0
2/13/2019,0
2/14/2019,1.02
2/15/2019,0
2/16/2019,0
2/17/2019,0.12
2/18/2019,0.02
2/19/2019,0.06
2/20/2019,0.09
2/21/2019,0
2/22/2019,2.53
2/23/2019,4.86
2/24/2019,0.6
2/25/2019,4.73
2/26/2019,2.56
2/27/2019,0.7
2/28/2019,0.2
3/1/2019,0.07
3/2/2019,0.01
3/3/2019,0
3/4/2019,0.59
3/5/2019,0.65
3/6/2019,1.81
3/7/2019, 
3/8/2019,0.79
3/9/2019,0.05
3/10/2019,0.16
3/11/2019,0
3/12/2019,0.03
3/13/2019,0.72
3/14/2019,0.67
3/15/2019,0
3/16/2019,0
3/17/2019,0.98
3/18/2019,0
3/19/2019,0.62
3/20/2019,0.19
3/21/2019,0.96
3/22/2019,0.69
3/23/2019,0.06
3/24/2019,0.25
3/25/2019,0.77
3/26/2019,0.3
3/27/2019,0.08
3/28/2019,0.02
3/29/2019,0
3/30/2019,1
3/31/2019,0
4/1/2019,0.04
4/2/2019,1.02
4/3/2019,0.11
4/4/2019,0.02
4/5/2019,0
4/6/2019,0.37
4/7/2019,0.14
4/8/2019,0
4/9/2019,0.3
4/10/2019,0
4/11/2019,0
4/12/2019,0
4/13/2019,0.09
4/14/2019,0.25
4/15/2019,0.21
4/16/2019,0
4/17/2019, 
4/18/2019,0.26
4/19/2019,0.18
4/20/2019,0.19
4/21/2019,0.31
4/22/2019,0.56
4/23/2019,0.36
4/24/2019,0.2
4/25/2019,1.02
4/26/2019,3.48
4/27/2019, 
4/28/2019,0.89
4/29/2019,0.13
4/30/2019,0.04
5/1/2019,0.66
5/2/2019,0.54
5/3/2019,2.16
5/4/2019,1.71
5/5/2019,0.09
5/6/2019,0
5/7/2019,0.79
5/8/2019,0.37
5/9/2019, 
5/10/2019,0.75
5/11/2019,0.23
5/12/2019,3.22
5/13/2019,1.76
5/14/2019,0.08
5/15/2019,0.04
5/16/2019,0.65
5/17/2019,0.44
5/18/2019,0.04
5/19/2019,0.51
5/20/2019,0
5/21/2019,0
5/22/2019,0
5/23/2019,0.26
5/24/2019, 
5/25/2019,0
5/26/2019,0.04
5/27/2019,0.15
5/28/2019,0.13
5/29/2019,0.18
5/30/2019,0.11
5/31/2019,0
6/1/2019,0
6/2/2019,0
6/3/2019,0.01
6/4/2019,0.04
6/5/2019,0.01
6/6/2019,0
6/7/2019,0.16
6/8/2019,1.03
6/9/2019,0.5
6/10/2019,0.25
6/11/2019,2.18
6/12/2019,0.47
6/13/2019,0
6/14/2019,0.01
6/15/2019,0.18
6/16/2019,0
6/17/2019,0.02
6/18/2019,0.08
6/19/2019,0.05
6/20/2019, 
6/21/2019,0.03
6/22/2019, 
6/23/2019, 
6/24/2019,0.49
6/25/2019,0.03
6/26/2019, 
6/27/2019,0
6/28/2019,0.23
6/29/2019,0.23
6/30/2019,0.24
7/1/2019,0.24
7/2/2019,0.16
7/3/2019,0.09
7/4/2019,0.04
7/5/2019,0.11
7/6/2019,0.06
7/7/2019,0.45
7/8/2019,0
7/9/2019,0
7/10/2019,0.31
7/11/2019,0.05
7/12/2019,0
7/13/2019,0.02
7/14/2019,0.62
7/15/2019,0.61
7/16/2019,0.04
7/17/2019,0.92
7/18/2019,0.15
7/19/2019,0.31
7/20/2019,0.08
7/21/2019,0.08
7/22/2019,1.55
7/23/2019,5.27
7/24/2019,1.59
7/25/2019,0.21
7/26/2019,2.86
7/27/2019,0.79
7/28/2019,0.7
7/29/2019,0.22
7/30/2019,0
7/31/2019,0.01
8/1/2019,0
8/2/2019,0.09
8/3/2019,0
8/4/2019, 
8/5/2019,1.17
8/6/2019,0.01
8/7/2019,0
8/8/2019,0.06
8/9/2019,0
8/10/2019, 
8/11/2019,0.01
8/12/2019,0.11
8/13/2019,0
8/14/2019, 
8/15/2019,0.65
8/16/2019,2.33
8/17/2019,1.2
8/18/2019,1.68
8/19/2019,0.3
8/20/2019,0
8/21/2019,0.01
8/22/2019,0.17
8/23/2019,0
8/24/2019, 
8/25/2019,0.64
8/26/2019,0
8/27/2019,0.04
8/28/2019,0
8/29/2019,0.1
8/30/2019,0.01
8/31/2019,0.02
9/1/2019, 
9/2/2019,0
9/3/2019,0.03
9/4/2019,0.3
9/5/2019,0.65
9/6/2019,0.05
9/7/2019,0.32
9/8/2019,0
9/9/2019,0
9/10/2019,0
9/11/2019,0
9/12/2019,0.28
9/13/2019,0.15
9/14/2019,0
9/15/2019,0
9/16/2019,0
9/17/2019,0
9/18/2019,0
9/19/2019,0
9/20/2019,0
9/21/2019,0
9/22/2019,0.05
9/23/2019,0.06
9/24/2019,2.17
9/25/2019,1.13
9/26/2019,0
9/27/2019,0.06
9/28/2019,0.03
9/29/2019,0
9/30/2019,0
10/1/2019,0
10/2/2019,0
10/3/2019,0
10/4/2019,0
10/5/2019,0.06
10/6/2019,0.05
10/7/2019, 
10/8/2019,0.04
10/9/2019,1.24
10/10/2019,0.01
10/11/2019,0.11
10/12/2019,0.02
10/13/2019,0
10/14/2019,0.04
10/15/2019,0.04
10/16/2019,3.12
10/17/2019,0.02
10/18/2019,0.44
10/19/2019,0.22
10/20/2019,0.5
10/21/2019,0.33
10/22/2019, 
10/23/2019, 
10/24/2019,0
10/25/2019,0.03
10/26/2019,0.33
10/27/2019,0.97
10/28/2019,1.53
10/29/2019,0.03
10/30/2019,0.14
10/31/2019,0.44
11/1/2019,0.25
11/2/2019,0.03
11/3/2019, 
11/4/2019,2.4
11/5/2019,1.32
11/6/2019,0.05
11/7/2019,0
11/8/2019,0.01
11/9/2019,0
11/10/2019,0
11/11/2019,0
11/12/2019,0
11/13/2019,0
11/14/2019,0.16
11/15/2019,0
11/16/2019,0
11/17/2019,0
11/18/2019,0.17
11/19/2019, 
11/20/2019,0.07
11/21/2019,0.02
11/22/2019,1.04
11/23/2019,0.24
11/24/2019,0.06
11/25/2019,0.03
11/26/2019,0.57
11/27/2019,0
11/28/2019,0
11/29/2019,0
11/30/2019,1.06
12/1/2019,0.11
12/2/2019,0.03
12/3/2019,0.15
12/4/2019,0
12/5/2019,0.16
12/6/2019,0.07
12/7/2019,0.23
12/8/2019,0.14
12/9/2019,2.36
12/10/2019,0.17
12/11/2019,0
12/12/2019,0.36
12/13/2019,0.05
12/14/2019,0.12
12/15/2019,0.34
12/16/2019,0.45
12/17/2019,1.25
12/18/2019,0.6
12/19/2019,0.43
12/20/2019,0.24
12/21/2019,0
12/22/2019,0.18
12/23/2019,0.75
12/24/2019,3.35
12/25/2019, 
12/26/2019,2.26
12/27/2019,0.93
12/28/2019,0.63
12/29/2019,1.16
12/30/2019,0.25
12/31/2019,1.16
1/1/2020,0.03
1/2/2020,0.51
1/3/2020,0.63
1/4/2020, 
1/5/2020,0
1/6/2020,0
1/7/2020,0.04
1/8/2020,0.06
1/9/2020,0.08
1/10/2020,0.05
1/11/2020,0.59
1/12/2020,1.39
1/13/2020,0.76
1/14/2020,0.27
1/15/2020,0.85
1/16/2020,2.64
1/17/2020,1.01
1/18/2020,1.87
1/19/2020,0.3
1/20/2020,1.62
1/21/2020,0.92
1/22/2020,3.39
1/23/2020,2.44
1/24/2020,0.6
1/25/2020,0.83
1/26/2020,0
1/27/2020,0
1/28/2020,0.01
1/29/2020,0.59
1/30/2020,0.29
1/31/2020,0.2
2/1/2020,0.1
2/2/2020,0
2/3/2020,0
2/4/2020,0.05
2/5/2020,2.19
2/6/2020,1.18
2/7/2020,4.7
2/8/2020,0.15
2/9/2020,0.72
2/10/2020,0.57
2/11/2020,2.34
2/12/2020,0.18
2/13/2020,1.05
2/14/2020,0.02
2/15/2020,0.51
2/16/2020,3.19
2/17/2020,3.27
2/18/2020,1.93
2/19/2020,3.01
2/20/2020,3.58
2/21/2020,0.58
2/22/2020,2.81
2/23/2020,0.16
2/24/2020,0.08
2/25/2020,0.26
2/26/2020,0.06
2/27/2020,0
2/28/2020,0
2/29/2020,0.04
3/1/2020,0
3/2/2020,0.08
3/3/2020,0
3/4/2020,0.75
3/5/2020,0.04
3/6/2020,0.9
3/7/2020,0
3/8/2020,0.04
3/9/2020, 
3/10/2020,0
3/11/2020,0.14
3/12/2020,0.11
3/13/2020,0
3/14/2020,0
3/15/2020,0
3/16/2020,0
3/17/2020,0.99
3/18/2020,0
3/19/2020,0.33
3/20/2020,0
3/21/2020, 
3/22/2020,0.06
3/23/2020,0.33
3/24/2020,0.46
3/25/2020,0.01
3/26/2020,1.58
3/27/2020,2.12
3/28/2020,0.11
3/29/2020,0.03
3/30/2020,0.11
3/31/2020,0
4/1/2020,0
4/2/2020,0.17
4/3/2020,0.03
4/4/2020,0.45
4/5/2020,0.25
4/6/2020,1.65
4/7/2020,1.02
4/8/2020,1.29
4/9/2020,1.54
4/10/2020,0.76
4/11/2020,0.42
4/12/2020,0.59
4/13/2020,2.15
4/14/2020,0.48
4/15/2020,0.04
4/16/2020,0
4/17/2020,0
4/18/2020,0.77
4/19/2020,0.01
4/20/2020,0.01
4/21/2020,0
4/22/2020,0.04
4/23/2020,0.02
4/24/2020,0.01
4/25/2020,0.14
4/26/2020,0.66
4/27/2020,0.42
4/28/2020,0.24
4/29/2020,2.37
4/30/2020,0.03
5/1/2020,1.65
5/2/2020, 
5/3/2020,0
5/4/2020,0
5/5/2020,0.05
5/6/2020,0
5/7/2020,0.02
5/8/2020,0.34
5/9/2020,0.77
5/10/2020,0
5/11/2020,0
5/12/2020,0.06
5/13/2020,0
5/14/2020,0.04
5/15/2020,0.85
5/16/2020,0.11
5/17/2020,0
5/18/2020,0.23
5/19/2020,0.61
5/20/2020,0.79
5/21/2020,0.39
5/22/2020,0.02
5/23/2020,0
5/24/2020,0.01
5/25/2020,0
5/26/2020,0.09
5/27/2020,0.06
5/28/2020,0.01
5/29/2020,0.1
5/30/2020, 
5/31/2020,0.77
6/1/2020,0.52
6/2/2020,0
6/3/2020,0.09
6/4/2020,0
6/5/2020, 
6/6/2020,0.56
6/7/2020,0.02
6/8/2020,0
6/9/2020,0.02
6/10/2020,0.2
6/11/2020,2.46
6/12/2020,0.82
6/13/2020,0.15
6/14/2020,0.01
6/15/2020,0
6/16/2020, 
6/17/2020,0
6/18/2020,0.6
6/19/2020,6.7
6/20/2020,2.28
6/21/2020,1.35
6/22/2020,1.01
6/23/2020,0.14
6/24/2020,0.77
6/25/2020,0.11
6/26/2020,1.66
6/27/2020,0.51
6/28/2020,0.59
6/29/2020,0.17
6/30/2020,0
7/1/2020,0.11
7/2/2020,0.02
7/3/2020,0.28
7/4/2020,2.65
7/5/2020,0.14
7/6/2020,0.03
7/7/2020,0
7/8/2020,0.26
7/9/2020,0.05
7/10/2020,0.13
7/11/2020,0.08
7/12/2020,0.6
7/13/2020,0.55
7/14/2020,0.41
7/15/2020,2.98
7/16/2020,0.17
7/17/2020,0.15
7/18/2020,0
7/19/2020,0.01
7/20/2020, 
7/21/2020,0.03
7/22/2020,0.03
7/23/2020,0.04
7/24/2020,0.26
7/25/2020,0
7/26/2020,0.55
7/27/2020,1.13
7/28/2020,0.25
7/29/2020, 
7/30/2020,0
7/31/2020,0.26
8/1/2020,0.25
8/2/2020,0.1
8/3/2020,0
8/4/2020,0
8/5/2020,0.01
8/6/2020,0.03
8/7/2020,0.47
8/8/2020,0.38
8/9/2020,0.03
8/10/2020,0
8/11/2020,0.47
8/12/2020,0.38
8/13/2020,0.01
8/14/2020,0
8/15/2020,0.89
8/16/2020,1.33
8/17/2020,2.43
8/18/2020,0.11
8/19/2020,1.27
8/20/2020,0.25
8/21/2020,0.12
8/22/2020,0.02
8/23/2020,0.23
8/24/2020,0
8/25/2020,0
8/26/2020,0.05
8/27/2020,0
8/28/2020,0.26
8/29/2020,0.58
8/30/2020,0.01
8/31/2020,0.05
9/1/2020,0.2
9/2/2020,4.98
9/3/2020,0.55
9/4/2020,1.68
9/5/2020,0.73
9/6/2020, 
9/7/2020,0.66
9/8/2020,0.45
9/9/2020,0.15
9/10/2020,0.01
9/11/2020,0
9/12/2020,0.33
9/13/2020,0.27
9/14/2020,0.11
9/15/2020,0.78
9/16/2020,0.18
9/17/2020,0.07
9/18/2020,0
9/19/2020,0
9/20/2020,0.18
9/21/2020,0.66
9/22/2020,1.57
9/23/2020,0
9/24/2020,0.02
9/25/2020,0.59
9/26/2020,0.2
9/27/2020,0.28
9/28/2020,0.15
9/29/2020,0
9/30/2020,0.1
10/1/2020, 
10/2/2020,0.03
10/3/2020,0.28
10/4/2020,0.18
10/5/2020,2.2
10/6/2020,0.4
10/7/2020,0.44
10/8/2020,1.69
10/9/2020,1.42
10/10/2020,0.19
10/11/2020,0.1
10/12/2020,0
10/13/2020,0.07
10/14/2020,0.8
10/15/2020,0.41
10/16/2020,1.58
10/17/2020,0.13
10/18/2020,0
10/19/2020,0.25
10/20/2020,0.16
10/21/2020,0.15
10/22/2020,0.01
10/23/2020,0.5
10/24/2020,5.02
10/25/2020,0.55
10/26/2020,0.05
10/27/2020,0.14
10/28/2020,0.77
10/29/2020,1.02
10/30/2020,0.07
10/31/2020,0.02
11/1/2020,0.2
11/2/2020,0.1
11/3/2020,0.03
11/4/2020,0.79
11/5/2020,0
11/6/2020,0
11/7/2020,0.16
11/8/2020,2.4
11/9/2020,0.43
11/10/2020,0.05
11/11/2020,2.32
11/12/2020,1.07
11/13/2020, 
11/14/2020,0.01
11/15/2020,0.09
11/16/2020,0.93
11/17/2020,0.06
11/18/2020,0.92
11/19/2020,0.84
11/20/2020,2.07
11/21/2020,1.02
11/22/2020,1.18
11/23/2020,1.05
11/24/2020,0.32
11/25/2020,0.1
11/26/2020,0
11/27/2020,0.1
11/28/2020,0
11/29/2020,0.01
11/30/2020, 
12/1/2020,0.86
12/2/2020,0.44
12/3/2020,0.19
12/4/2020,0.33
12/5/2020,0.25
12/6/2020,0.37
12/7/2020,0.89
12/8/2020,1.02
12/9/2020,0.47
12/10/2020,0.46
12/11/2020,0.32
12/12/2020,3.26
12/13/2020,0.06
12/14/2020,0.18
12/15/2020,0.55
12/16/2020,1.56
12/17/2020,1.65
12/18/2020,0.06
12/19/2020,0.73
12/20/2020,0.35
12/21/2020,0.02
12/22/2020,0.13
12/23/2020,0.08
12/24/2020,0.02
12/25/2020, 
12/26/2020,0
12/27/2020,0.3
12/28/2020,0
12/29/2020,0
12/30/2020, 
12/31/2020,0
1/1/2021,0.21
1/2/2021,2.43
1/3/2021,0
1/4/2021,0.01
1/5/2021,1.72
1/6/2021,0.23
1/7/2021,0.02
1/8/2021,0.02
1/9/2021,0.2
1/10/2021,0.15
1/11/2021,0.08
1/12/2021,0.08
1/13/2021,0.47
1/14/2021,0.06
1/15/2021,0.01
1/16/2021,0.06
1/17/2021,0.01
1/18/2021,0.01
1/19/2021,0.01
1/20/2021,0.62
1/21/2021,0.24
1/22/2021,0.17
1/23/2021,0.04
1/24/2021,2.51
1/25/2021,1.97
1/26/2021,1.43
1/27/2021,3.57
1/28/2021,0.31
1/29/2021,0.38
1/30/2021,0.37
1/31/2021,0.23
2/1/2021,0.63
2/2/2021,0.98
2/3/2021,0.91
2/4/2021,0.87
2/5/2021,3.87
2/6/2021,0.13
2/7/2021,0.2
2/8/2021,0.05
2/9/2021,0.91
2/10/2021,0.06
2/11/2021,0.11
2/12/2021,0.37
2/13/2021,0.03
2/14/2021,0
2/15/2021,0.29
2/16/2021,0
2/17/2021, 
2/18/2021,0.62
2/19/2021,0.12
2/20/2021,0.52
2/21/2021,1.23
2/22/2021,3.9
2/23/2021,0.23
2/24/2021,0.5
2/25/2021,0.23
2/26/2021,0.08
2/27/2021,0
2/28/2021,0.02
3/1/2021,0
3/2/2021,0.36
3/3/2021,0
3/4/2021,0
3/5/2021,0
3/6/2021,0.01
3/7/2021,0.06
3/8/2021,2.22
3/9/2021,0.55
3/10/2021,1.2
3/11/2021,0.14
3/12/2021,0
3/13/2021,0
3/14/2021,0.13
3/15/2021,0.05
3/16/2021,0.26
3/17/2021,0.27
3/18/2021,0.16
3/19/2021,0.62
3/20/2021,0.88
3/21/2021,0.01
3/22/2021,0
3/23/2021,0.1
3/24/2021,0.2
3/25/2021,0
3/26/2021,0.29
3/27/2021,0.6
3/28/2021,0.99
3/29/2021,0.01
3/30/2021,0.34
3/31/2021,0.23
4/1/2021,0.47
4/2/2021,0
4/3/2021,0.84
4/4/2021,0.95
4/5/2021,0.05
4/6/2021,0.01
4/7/2021,0.35
4/8/2021,0.42
4/9/2021,0
4/10/2021,0
4/11/2021,0
4/12/2021,0.09
4/13/2021,0.21
4/14/2021,0.26
4/15/2021,0
4/16/2021,0
4/17/2021,0.33
4/18/2021,1.11
4/19/2021,0.87
4/20/2021,0.34
4/21/2021,0.08
4/22/2021,0.01
4/23/2021,0
4/24/2021,0.54
4/25/2021,0
4/26/2021,0
4/27/2021,0
4/28/2021, 
4/29/2021,0.03
4/30/2021,0.18
5/1/2021,0.13
5/2/2021,0.37
5/3/2021,0
5/4/2021, 
5/5/2021,0
5/6/2021,0.19
5/7/2021,1.07
5/8/2021,4
5/9/2021,0.55
5/10/2021,0.12
5/11/2021,0.12
5/12/2021,0
5/13/2021,0
5/14/2021,0
5/15/2021,0.14
5/16/2021,0.36
5/17/2021,0.07
5/18/2021,0.2
5/19/2021,0.01
5/20/2021,0.11
5/21/2021,0
5/22/2021,0
5/23/2021,0.03
5/24/2021,0
5/25/2021,0.24
5/26/2021,0
5/27/2021,0
5/28/2021, 
5/29/2021, 
5/30/2021, 
5/31/2021, 
6/1/2021,0.01
6/2/2021, 
6/3/2021,0.05
6/4/2021,0.02
6/5/2021,0.17
6/6/2021,0.98
6/7/2021,0.32
6/8/2021,0
6/9/2021,0.21
6/10/2021,2.8
6/11/2021,0.13
6/12/2021,0.59
6/13/2021,0.2
6/14/2021,0.16
6/15/2021,0.18
6/16/2021,0.01
6/17/2021, 
6/18/2021,0.02
6/19/2021,0.03
6/20/2021,0.04
6/21/2021,0.05
6/22/2021,0.17
6/23/2021,0.59
6/24/2021,1.18
6/25/2021,0.3
6/26/2021,0.75
6/27/2021,0.11
6/28/2021,1.79
6/29/2021,0.33
6/30/2021,0.13
7/1/2021,0.88
7/2/2021,0
7/3/2021,0
7/4/2021,1.04
7/5/2021,0.4
7/6/2021,0.39
7/7/2021,0.51
7/8/2021,0
7/9/2021,0
7/10/2021,0.15
7/11/2021,0.05
7/12/2021,0.09
7/13/2021,0.33
7/14/2021,0.01
7/15/2021,0.06
7/16/2021,0.18
7/17/2021,0.01
7/18/2021,0.02
7/19/2021, 
7/20/2021,0.15
7/21/2021,0
7/22/2021,0.02
7/23/2021,0.13
7/24/2021,0.07
7/25/2021,0
7/26/2021,0
7/27/2021,0
7/28/2021,0.12
7/29/2021,0.01
7/30/2021,0.02
7/31/2021,0
8/1/2021,1.73
8/2/2021,0.01
8/3/2021, 
8/4/2021,0.42
8/5/2021,0.46
8/6/2021,1.17
8/7/2021,0.09
8/8/2021,0.02
8/9/2021,0.15
8/10/2021,0
8/11/2021,0.25
8/12/2021,0.16
8/13/2021,0.01
8/14/2021, 
8/15/2021,0
8/16/2021,0
8/17/2021, 
8/18/2021,0.61
8/19/2021,0.7
8/20/2021,0.02
8/21/2021,0.01
8/22/2021,0.31
8/23/2021,0.05
8/24/2021,0.11
8/25/2021,0.29
8/26/2021,0.14
8/27/2021,0.23
8/28/2021,0.31
8/29/2021,0.57
8/30/2021,0
8/31/2021,0
9/1/2021,0.02
9/2/2021,0
9/3/2021,0.02
9/4/2021,0
9/5/2021,0.17
9/6/2021,0.02
9/7/2021,0.18
9/8/2021,0
9/9/2021,0
9/10/2021,0.17
9/11/2021,0.12
9/12/2021,0.01
9/13/2021,0.02
9/14/2021,0.17
9/15/2021,0.01
9/16/2021,0.1
9/17/2021,0.2
9/18/2021,0.14
9/19/2021,0.01
9/20/2021, 
9/21/2021,0.8
9/22/2021,0.02
9/23/2021,0
9/24/2021,0.03
9/25/2021,0.67
9/26/2021,0.01
9/27/2021,0.01
9/28/2021,0.05
9/29/2021,0.28
9/30/2021,0.04
10/1/2021,0.03
10/2/2021,0.49
10/3/2021,0.12
10/4/2021,0.01
10/5/2021,0.05
10/6/2021,0
10/7/2021,0.06
10/8/2021,0.03
10/9/2021,0
10/10/2021,2.74
10/11/2021,0.09
10/12/2021,0
10/13/2021,0
10/14/2021,0
10/15/2021,0
10/16/2021,0
10/17/2021, 
10/18/2021,0.08
10/19/2021,0.17
10/20/2021,0.17
10/21/2021,0.02
10/22/2021,0
10/23/2021,0
10/24/2021,0
10/25/2021,0
10/26/2021,0.29
10/27/2021,0.01
10/28/2021,0
10/29/2021, 
10/30/2021,0.03
10/31/2021,0
11/1/2021,1.71
11/2/2021,0.41
11/3/2021,0.1
11/4/2021,0.3
11/5/2021,0
11/6/2021,0.27
11/7/2021,0.13
11/8/2021,0.04
11/9/2021,0.24
11/10/2021,0
11/11/2021,1.54
11/12/2021,0
11/13/2021,0
11/14/2021,0
11/15/2021,0.82
11/16/2021,1.3
11/17/2021,1.9
11/18/2021,0.14
11/19/2021, 
11/20/2021,0.05
11/21/2021,0
11/22/2021,0.02
11/23/2021,0.21
11/24/2021,0.51
11/25/2021,1.34
11/26/2021,0.05
11/27/2021,0.17
11/28/2021,1.33
11/29/2021,0
11/30/2021, 
12/1/2021,1.04
12/2/2021,0.32
12/3/2021,0.46
12/4/2021,0.52
12/5/2021,0.03
12/6/2021,0
12/7/2021,0.05
12/8/2021,0
12/9/2021,0.03
12/10/2021,0.05
12/11/2021,0.01
12/12/2021,0.14
12/13/2021,0
12/14/2021,0.4
12/15/2021,0.06
12/16/2021,1.33
12/17/2021,1.12
12/18/2021,0.03
12/19/2021,0.11
12/20/2021,0.58
12/21/2021,0.01
12/22/2021,0.02
12/23/2021,0
12/24/2021,0.54
12/25/2021,0
12/26/2021,0
12/27/2021, 
12/28/2021,0.59
12/29/2021,0.12
12/30/2021,0.26
12/31/2021,0.01
1/1/2022,0.23
1/2/2022,0.24
1/3/2022, 
1/4/2022,0.02
1/5/2022,0.2
1/6/2022, 
1/7/2022,0
1/8/2022,0.39
1/9/2022,0
1/10/2022,0.42
1/11/2022,0.55
1/12/2022,0
1/13/2022,1.77
1/14/2022,0.63
1/15/2022,1.38
1/16/2022,0.16
1/17/2022,0.13
1/18/2022,0
1/19/2022,0
1/20/2022,0.04
1/21/2022,2.9
1/22/2022,0
1/23/2022, 
1/24/2022,0
1/25/2022,0
1/26/2022,1.11
1/27/2022,0.91
1/28/2022,0.09
1/29/2022,0.03
1/30/2022,1.26
1/31/2022,2.77
2/1/2022,0.5
2/2/2022,1.46
2/3/2022,2.56
2/4/2022,0.6
2/5/2022,0
2/6/2022,0.11
2/7/2022,0.38
2/8/2022,0.38
2/9/2022,0.11
2/10/2022,0.43
2/11/2022,0.48
2/12/2022,0.83
2/13/2022,0.28
2/14/2022,0.11
2/15/2022,0.38
2/16/2022,0.36
2/17/2022,3.21
2/18/2022,0.56
2/19/2022,0.63
2/20/2022,0.22
2/21/2022,1.87
2/22/2022,0.1
2/23/2022,1.37
2/24/2022,0.63
2/25/2022,0.17
2/26/2022,0.06
2/27/2022,0
2/28/2022,0.15
3/1/2022,0.21
3/2/2022,0.09
3/3/2022,0.42
3/4/2022,0
3/5/2022,0.08
3/6/2022,0
3/7/2022,0.18
3/8/2022,0.02
3/9/2022,0.12
3/10/2022,0.03
3/11/2022,0.46
3/12/2022,0.02
3/13/2022,0.25
3/14/2022,0.13
3/15/2022,0.2
3/16/2022,0.08
3/17/2022,0
3/18/2022,0
3/19/2022,0
3/20/2022,0.09
3/21/2022,0.03
3/22/2022,0
3/23/2022,0
3/24/2022,0.34
3/25/2022,1.75
3/26/2022,0.68
3/27/2022,0.02
3/28/2022,0.01
3/29/2022,0
3/30/2022,0.15
3/31/2022,0.04
4/1/2022,0
4/2/2022,0
4/3/2022,0.09
4/4/2022,0.24
4/5/2022,0.01
4/6/2022,0.16
4/7/2022,0.73
4/8/2022, 
4/9/2022,0
4/10/2022,0
4/11/2022,0.01
4/12/2022,0
4/13/2022,0.44
4/14/2022,0.25
4/15/2022,0.06
4/16/2022,0.14
4/17/2022,0.22
4/18/2022,0.02
4/19/2022,0.01
4/20/2022,0.11
4/21/2022,0
4/22/2022,0.1
4/23/2022,0.01
4/24/2022,0.17
4/25/2022,0.5
4/26/2022,0.52
4/27/2022,0.15
4/28/2022,0.91
4/29/2022,0.04
4/30/2022,0.53
5/1/2022,0.07
5/2/2022,0
5/3/2022,0.04
5/4/2022,0.81
5/5/2022,0.05
5/6/2022,0.04
5/7/2022,0.04
5/8/2022,0
5/9/2022,0.06
5/10/2022,0.14
5/11/2022,0.05
5/12/2022,0.15
5/13/2022,1.79
5/14/2022,0.01
5/15/2022,0.82
5/16/2022,1.67
5/17/2022,1.78
5/18/2022,0.2
5/19/2022,0.41
5/20/2022,0.02
5/21/2022,0.07
5/22/2022,0.1
5/23/2022,0.06
5/24/2022,0.06
5/25/2022,0.49
5/26/2022,0.32
5/27/2022,0.03
5/28/2022,0.02
5/29/2022,0.02
5/30/2022,0
5/31/2022,0
6/1/2022,0
6/2/2022,0
6/3/2022,0
6/4/2022,0
6/5/2022,0.42
6/6/2022,0
6/7/2022,0
6/8/2022,0.12
6/9/2022,0.17
6/10/2022,0
6/11/2022,0
6/12/2022,0.15
6/13/2022,0.02
6/14/2022,0.31
6/15/2022,0.33
6/16/2022,0.1
6/17/2022,0.39
6/18/2022,0
6/19/2022,0.3
6/20/2022, 
6/21/2022,0.05
6/22/2022,0.29
6/23/2022,0.2
6/24/2022,0.13
6/25/2022,2
6/26/2022,0.29
6/27/2022,0.24
6/28/2022,0.25
6/29/2022,0.08
6/30/2022, 
7/1/2022,0.03
7/2/2022, 
7/3/2022,0.05
7/4/2022,0.27
7/5/2022,0.1
7/6/2022,0.13
7/7/2022,1.17
7/8/2022,0.52
7/9/2022,0.17
7/10/2022,0.55
7/11/2022,0.8
7/12/2022,1.54
7/13/2022,0.95
7/14/2022,0.18
7/15/2022,0.4
7/16/2022,0.09
7/17/2022,0.41
7/18/2022,0.06
7/19/2022,0.14
7/20/2022,0.19
7/21/2022,0.06
7/22/2022,0.09
7/23/2022,0.68
7/24/2022,0.15
7/25/2022,0.05
7/26/2022,0.02
7/27/2022,0.01
7/28/2022,0.06
7/29/2022,0.06
7/30/2022,0.07
7/31/2022,0.23
8/1/2022,0.06
8/2/2022,0.18
8/3/2022, 
8/4/2022,0.63
8/5/2022,0.36
8/6/2022,0.17
8/7/2022,0.09
8/8/2022,0.09
8/9/2022,0.07
8/10/2022, 
8/11/2022,0.25
8/12/2022,0.37
8/13/2022,0.07
8/14/2022,0.62
8/15/2022,0.46
8/16/2022,0.22
8/17/2022,0
8/18/2022, 
8/19/2022,0
8/20/2022,0
8/21/2022,0.25
8/22/2022,1.38
8/23/2022, 
8/24/2022,0.02
8/25/2022,0.51
8/26/2022,0
8/27/2022,0
8/28/2022,0.32
8/29/2022, 
8/30/2022,0
8/31/2022,0.41
9/1/2022,0.75
9/2/2022,0
9/3/2022,0.37
9/4/2022,0.05
9/5/2022,0.05
9/6/2022,0.02
9/7/2022,0.13
9/8/2022,0.05
9/9/2022,0.17
9/10/2022,0.14
9/11/2022,0.25
9/12/2022,0.02
9/13/2022,0.01
9/14/2022,0.08
9/15/2022,0.08
9/16/2022,0.28
9/17/2022,0.06
9/18/2022,0.02
9/19/2022,0.2
9/20/2022,0.04
9/21/2022,0.18
9/22/2022,0.27
9/23/2022,0.11
9/24/2022,0.19
9/25/2022,0.09
9/26/2022,0.05
9/27/2022,0
9/28/2022,0
9/29/2022,0.28
9/30/2022, 
10/1/2022, 
10/2/2022, 
10/3/2022,0.67
10/4/2022,0.06
10/5/2022,0.17
10/6/2022,0.13
10/7/2022,0.07
10/8/2022,0.66
10/9/2022,0.11
10/10/2022,0.17
10/11/2022,0
10/12/2022,0
10/13/2022,0.33
10/14/2022,0
10/15/2022,0.08
10/16/2022, 
10/17/2022,0.51
10/18/2022, 
10/19/2022, 
10/20/2022, 
10/21/2022,0
10/22/2022,0.6
10/23/2022,1.1
10/24/2022,0.98
10/25/2022,0.05
10/26/2022,4.12
10/27/2022,1.17
10/28/2022,0
10/29/2022,2.36
10/30/2022,0.48
10/31/2022,0
11/1/2022, 
11/2/2022,1.4
11/3/2022,0.11
11/4/2022,0.03
11/5/2022,0.1
11/6/2022,0.18
11/7/2022,0.25
11/8/2022,0.81
11/9/2022,0.26
11/10/2022,0.1
11/11/2022,0.08
11/12/2022,0
11/13/2022,0
11/14/2022,0.86
11/15/2022,1.48
11/16/2022,0.02
11/17/2022, 
11/18/2022,0
11/19/2022,0.44
11/20/2022,0
11/21/2022,0
11/22/2022,0.35
11/23/2022,0.02
11/24/2022,0.21
11/25/2022,2.63
11/26/2022,0.03
11/27/2022,0.03
11/28/2022,0.91
11/29/2022,1.57
11/30/2022,0.06
12/1/2022,0
12/2/2022,0.49
12/3/2022,0.18
12/4/2022,0.11
12/5/2022,0.32
12/6/2022,1.3
12/7/2022,0.49
12/8/2022,0
12/9/2022, 
12/10/2022, 
12/11/2022, 
